Timestamp,Tipo,Título,Autores,Fecha,¿Quién introduce la información?,Venue,Publisher,"Otros metadatos editoriales (e.j, volumen, páginas, etc.) ",Resumen (100-250 palabras),URL,Datos adicionales de interés,"Confirmo que la información aportada es correcta y lo más completa posible, y que estoy facultado para proveerla."
6/24/2022 14:28:24,Artículo publicado en proceeding de congreso,GeoBase: APLICACIÓN MÓVIL PARA EL LEVANTAMIENTO EN CAMPO,"MSc. Aracelys García Armenteros
MSc. Joanna Campbell Amos
Lic. Leonel García López",3/25/2022,Uno de los autores,Memorias de la Convención y Feria Informática 2022,,,"Un Sistema de Información Geográfico es un software que integra y relaciona diversos componentes que permiten la organización, almacenamiento, manipulación y análisis de grandes cantidades de datos que están vinculados a una referencia espacial. Una de las variantes de aplicaciones cartográficas es la destinada para la recolección de información de sitios de interés a partir de formularios. En el presente trabajo se exponen detalles del diseño y la implementación de GeoBase, una aplicación móvil cartográfica que permite añadir información asociada a una ubicación, mediante formularios dinámicos configurados por el usuario con anterioridad en forma de categorías. En la solución propuesta se usa Flutter como plataforma de desarrollo, con flutter_map como framework para la vi-sualización de mapas y una arquitectura de software multicapa derivada de Arquitectura Limpia, la cual favorece que la aplicación sea extensible para adicionar funcionalidades en el futuro. El resultado que se presenta es un software funcional y extensible que cumple con todos los requerimientos planteados.",,,Si
6/24/2022 14:33:36,Presentación en congreso (sin artículo),GeoBase: APLICACIÓN MÓVIL DE LEVANTAMIENTO EN CAMPO PARA LA TOMA DE DECISIONES,"MSc. Aracelys García Armenteros
MSc. Joanna Campbell Amos
Dra. Sira Allende Alonso
Lic. Leonel García López",6/2/2022,Uno de los autores,15th International Conference on Operational Resarch,,,"Un Sistema de Información Geográfico (SIG) es un software que integra y relaciona diversos componentes que permiten la organización, almacenamiento, manipulación y análisis de grandes cantidades de datos que están vinculados a una referencia espacial. Una de las variantes de aplicaciones cartográficas es la destinada para la recolección de información de sitios de interés a partir de formularios. Estas aplicaciones resultan de mucha utilidad para la realización de investigaciones científicas, el control de los recursos, arqueología y la resolución de problemas de optimización como puede ser VRP (Vehicle Routing Problems). GeoBase es una aplicación móvil cartográfica que permite añadir información asociada a una ubicación, mediante formularios dinámicos configurados por el usuario con anterioridad en forma de categorías, desarrollada por la Casa del Software de la Facultad de Matemática y Computación de la Universidad de La Habana. En esta solución se usó Flutter como plataforma de desarrollo, y una arquitectura de software multicapa derivada de Arquitectura Limpia, la cual favorece que la aplicación sea extensible para adicionar funcionalidades. En el presente trabajo se ilustra mediante dos casos de estudio cómo puede ser utilizada GeoBase para la obtención de datos de entrada a los algoritmos de optimización. Uno de los casos de estudio consiste en la definición de geositios o sitios de interés geológicos del Ministerio de Energía y Minas con el fin de confeccionar inventarios, el otro caso de estudio es el diseño de un recorrido del programa Rutas y Andares perteneciente a la Oficina del Historiador de la Ciudad.  ",,,Si
6/24/2022 16:39:01,Artículo publicado en journal,Un acercamiento a los modelos epidemiológicos poblacionales.,"Elyanis García-Pola
Aymée Marrero Severo",5/7/2021,Uno de los autores," INFODIR,  ISSN 1996-3521 RNPS 2097 ",Ciencias Médicas,"No. 37, enero-abril 2022","Considerando la importancia que tiene para la Biomatemática, la formulación de modelos matemáticos que describan la dinámica de procesos asociados a fenómenos biológicos y médicos y muy especialmente para la Epidemiología en su propósito de caracterizar en el contexto clínico y social la dinámica de enfermedades contagiosas; este trabajo tiene como objetivo acercarse a diferentes formas de modelos epidemiológicos poblacionales esenciales en el tratamiento y manejo de enfermedades transmisibles y epidemias, en momentos en que la pandemia de la CoVid19 azota a la humanidad, a través de una búsqueda bibliográfica relativamente diversa.
Partiendo de la formulación clásica de Kermack-McKendrick  presentamos un panorama de los modelos definidos por ecuaciones diferenciales ordinarias por el desempeño probado de los mismos en la descripción matemática de la propagación de enfermedades. En un segundo momento, se presentan dentro de los modelos probabilísticos, los llamados modelos de urnas, que permiten otro enfoque, igualmente válido pero de más reciente utilización.
",,"Indexada en DOAJ, Latindex, Medigraphic, SeCiMed, SciELO",Si
6/24/2022 16:46:10,Capítulo de libro,Management of CoVid19 in Cuba with risk perception: a SAIR-type model considering the asymptomatic population,"Daniel Menció Padrón
Gabriela Bayolo Soler
Aymée Marrero Severo",2/3/2022,Uno de los autores,Modeling experiences on COVID-19 Pandemic in Ibero-america,Cambridge Scholars Publishing,,"A partir de modelos epidemiológicos poblacionales definidos por ecuaciones diferenciales ordinarias tipo SAIR, en este trabajo se plantea una variante que distingue entre las poblaciones de contagiado sintomáticos y asintomáticos, lo que se corresponde con la dinámica de la transmisión de CoVid19.
La formulación de la percepción del riesgo usa funciones que simulan las acciones del gobierno y las actitudes individuales, con tasas de infección variables en el tiempo, permitió simular usando datos de Cuba, diferentes escenarios de olas epidémicas y contribuyendo a los pronósticos útiles para las acciones eficientes del sistema de la salud y otras autoridades en su intención de controlar la pandemia
",,,Si
9/21/2022 16:26:29,Artículo publicado en proceeding de congreso,MODELO PARA EL COVID19 CONSIDERANDO VACUNACIÓN,"Daniel Menció Padrón
Aymée Marrero Severo
Gabriela Bayolo Soler",11/11/2021,Uno de los autores,IWOR 2021,,,"En este trabajo se propone una variante de los modelos epidemiológicos poblacionales tipo SIS, definidos por ecuaciones diferenciales ordinarias, distinguiendo entre las poblaciones vacunadas y las poblaciones no vacunadas, en correspondencia a la dinámica de la transmisión de CoVid19 en nuestro país y a la estrategia de inmunización.
En este modelo se supone que sufrir la enfermedad no genera inmunidad, la cual se adquiere sólo por la vacuna, considerando cierta tasa de eficacia de la misma. También se considera la interacción entre ambas subpoblaciones como factor de transmisibilidad.
En esta investigación, se consideró la tasa de la infección como una función variable en el tiempo, obteniendo la expresión para el número básico reproductivo, también variable en el tiempo.
Para calcular los valores de los parámetros esenciales de la transmisión, fue formulado y se resolvió un problema de estimación de parámetros usando units de MatLab para presentar  pronósticos que deben ayudar al control de esta pandemia, de acuerdo con los datos en Cuba.
",,,Si
6/24/2022 17:12:25,Capítulo de libro,"Modelos epidemiológicos para la COVID-19 con percepción de riesgo, considerando subpoblaciones de asintomáticos","DANIEL MENCIÓ PADRÓN
GABRIELA BAYOLO SOLER
AYMÉE MARRERO SEVERO",3/29/2021,Uno de los autores,Ciencia e innovación: desafíos a la multidisciplinariedad ante la COVID-19. Gestión del conocimiento y alianzas estratégicas en la Universidad de La Habana ,"Editorial UH, 2020",,"A partir de un modelo SEIR publicado por Gutiérrez y Varona (2020), y teniendo en cuenta algunas de las características y complejidades de la transmisión de la COVID-19, proponemos un modelo que separa la subpoblación de individuos en período de incubación o latencia, distingue entre infectados sintomáticos y asintomáticos, considerando estos últimos como una nueva subpoblación.
Otra novedad de nuestra propuesta, teniendo presente la estrategia cubana para el enfrentamiento a esta pandemia, es incluir los individuos testados positivos con el objetivo de simular la proporción de individuos asintomáticos que pueden estar en la población, a partir de los datos de que se dispone. Se ha agregado la clase epidemiológica, que agrupa a los infectados activos a partir de los testados positivos, tanto sintomáticos como asintomáticos. Adicionalmente, esta propuesta tiene en cuenta las acciones de control gubernamental y la percepción de riesgo individual
",,,Si
6/24/2022 17:21:05,Artículo publicado en journal,Modelo SEAIR con percepción de riesgo para laCoVid19. Caso Cuba,"Aymée Marrero Severo
Daniel Menció Padrón
Gabriela Bayolo Soler",7/6/2020,Uno de los autores,Revista Ciencias Matemáticas,,"Vol.34, No.1, pp. 13-18, 2020. ISSN: 0256-5374","En este trabajo se propone una variante de modelo poblacional SEIR aplicado a la epidemiología, distinguiendo entre las poblaciones de infectados sintomáticos y asintomáticos, para representar la dinámica de transmisión de la CoVid19, con funciones que simulan las acciones gubernamentales e individuales ante la percepción de riesgo.
Se obtuvieron expresiones para el número reproductivo básico y la tasa de contagio, variables en el tiempo, lo que permitió simular diferentes escenarios y presentar predicciones, que deben ayudar a la acción de control de dicha pandemia, según datos en Cuba.
",,"Indexada en Academic Search Premier, Fuente Academica Plus, zbMATH, LATINDEX. ",Si
6/24/2022 17:24:08,Artículo publicado en journal,Revista Ciencias Matemáticas,"Daniel Menció Padrón
Gabriela Bayolo Soler
Aymée Marrero Severo",7/15/2022,Uno de los autores,"Evolución de la CoVid19 a partir de un Modelo SAIRV con tasa de transmisión variable ante precepción de riesgo, cuarentena y hospitalización. Caso Cuba",," Vol.34, No.1, pp. 67-72, 2020. ISSN: 0256-5374","A partir de la propuesta y estudio de una variante SEIR de modelo epidemiológico poblacional para representar la dinámica de transmisión de la CoVid19, con funciones que simulan acciones ante la percepción de riesgo y que distingue entre las poblaciones de infectados sintomáticos y asintomáticos, se presenta una nueva variante que considera exposición al virus y la diferenciación de personas en cuarentena y hospitalizados, además de infectados y asintomáticos libres en la población.
Se realizó el ajuste de los parámetros, utilizando diferentes estrategias con vistas a simular el comportamiento de las variables esenciales para los objetivos de este estudio, según datos en Cuba.
A partir de los resultados obtenidos en el trabajo anterior publicado en esta propia revista y del estudio de artículos internacionales, proponemos en este trabajo un nuevo modelo que considera una variante con exposición al virus y la diferenciación de personas asintomáticos e infectados libremente en la sociedad y en cuarentena y hospitalizados, conservando las principales definiciones de parámetros del modelo anterior
",,"Indexada en Academic Search Premier, Fuente Academica Plus, zbMATH, LATINDEX.",Si
6/24/2022 17:33:18,Artículo publicado en journal,Análisis de Modelo Matemático con percepción de riesgo para la CoVid19. Resultados para Cuba. ,"Daniel Menció Padrón
Gabriela Bayolo Soler
Aymée Marrero Severo.  ",12/15/2020,Uno de los autores,Revista Informática Médica. ,Ciencias Médicas,No.2/2020,"En este trabajo se explica cómo se representa la transmisión de enfermedades a través de modelos matemáticos definidos por ecuaciones diferenciales. En Epidemiología, han jugado un importante papel los Modelos Poblacionales que dividen a la población de estudio en subpoblaciones según los atributos que las distinguen, lo que permite representar la dinámica de contagio social de una determinada enfermedad, especialmente en momentos de brote epidémico.
En esta propuesta se formula un modelo matemático definido por ecuaciones diferenciales para representar la transmisión del SarsCov2 distinguiendo entre las poblaciones de infectados sintomáticos y asintomáticos de la CoVid19, con funciones que simulan las acciones gubernamentales e individuales ante la percepción de riesgo. También se presenta un análisis de los resultados obtenidos en Cuba.
",http://www.revinformatica.sld.cu/index.php/rcim,,Si
6/25/2022 11:26:16,Libro,Análisis Matemático Real. Ejercicios y Problemas,"Sofía Behar Jequín
Rita Roldán Inguanzo
Armando Arredondo Soto",12/12/2021,Uno de los autores,Libro de texto,Editorial universitaria,266 páginas,,HTTP://www.eduniv.cu,ISBN 978-959-1694705-4,Si
6/25/2022 11:39:08,Libro,Análisis Matemático Real. Ejercicios y Problemas,"Sofía Behar Jequín
Rita Roldán Inguanzo
Armando Arredondo Soto",12/20/2021,Uno de los autores,Libro,Editorial Universitaria,266 páginas,,https://www.eduniv.cu,ISBN 978-959-16-4705-4,Si
6/25/2022 18:07:08,Presentación en congreso (sin artículo),Metrics for the evaluation and generation of school courses,"Mauricio L Perdomo
Fernando Rodriguez Flores",6/2/2022,Uno de los autores,15 th INTERNATIONAL CONFERENCE ON OPERATIONS RESEARCH,,,"Ideally, school courses should have characteristics that encourage student's participation and interaction with the subject. This work proposes a tool to evaluate different characteristics in the courses of the subject Numerical Mathematics taught at the Faculty of Mathematics and Computer Science of the University of Havana. The course is modeled as a game that reflects the teacher/student interactions during the lesson period to carry out these evaluations. Games are simulated, and a set of proposed metrics are used to carry out the evaluation. Also, the feasibility of using genetic algorithms to design courses in an automated way is analyzed.",,,Si
6/25/2022 18:09:35,Presentación en congreso (sin artículo),Symbolic regression for generalized linear models of ODEs,"Fernando Rodriguez Flores
David Guaty Dominguez
Enrique Martínez González
Ernesto Borrego Rodríguez",6/2/2022,Uno de los autores,15 th INTERNATIONAL CONFERENCE ON OPERATIONS RESEARCH,,,"For the study of an infectious disease mathematical models are used. Some of those models are based on ODEs that have the property of being linear with respect to the parameters. Researchers must choose a model that best approximates the observed data from a large number of possibilities. That selection can take a long time. To automate the process of finding such a model, this document presents a  Neural Network Guided Genetic Algorithm that finds the system of ODEs wich are linear with respect to the parameters that best fits the data set. The genetic programming approach explores the candidate systems while the neural network is used to narrow the search space. Performed experiments on three case studies (Lotka-Volterra, SIR, SIRZ) shows the effectiveness of this approach to find the sought model in each case in a short time.",,,Si
6/25/2022 23:57:02,Artículo publicado en journal,Modelos SIR para el seguimiento de la COVID-19 en Cuba.,"Raúl Guinovart Díaz
Isidro Alfredo Abello Ugalde
Wilfredo Morales Lezca
Julián Bravo Castillero
Reinaldo Rodríguez Ramos
David Guinovart Sanjuán",10/31/2020,Uno de los autores,Revista Ciencias Matemáticas,,"Vol. 34, No. 1, 2020 Pag. 1-12","El proceso de predecir el comportamiento de la pandemia en Cuba y el peligro de la ocurrenciade endemias de la COVID-19 es una preocupación del gobierno y epidemiólogos cubanos, poseer modelosmatemáticos que ayuden a la toma de decisiones y conocer alguna métrica que influya en el surgimientode la endemia ha sido de gran utilidad para organizar las medidas de control de la pandemia y del procesode desescalamiento. El objetivo de este trabajo es presentar los modelos dinámicos que ayudaron a simulardiferentes escenarios probables de casos activos, en concordancia con los datos reportados y además conel apoyo de la teoría cualitaiva de ecuaciones diferenciales indicar como el número reproductivo básico R0constituye una métrica que incide en la ocurrencia de la endemia. Los resultados demuestran que bajo ciertascondiciones pueden aparecer rebrotes por lo que es necesario mantener activadas medidas epidemiológicasque ayuden a evitarlos.
The process of predicting the behavior of the pandemic in Cuba and the danger of its occurrence of COVID-19endemics is a concern of the Cuban government and epidemiologists, owning models mathematicians that helpdecision-making and know some metric that influences the emergence of the endemic has been very usefulto organize the control measures of the pandemic and return to normalization. The objective of this work is topresent the dynamic models that helped to simulate different probable scenarios of active cases, in accordancewith the reported data and also with the support of the qualitative theory of differential equations indicate asthe basic reproductive number R0 it constitutes a metric that affects the occurrence of the endemic. The resultsshow that under certain conditions may appear outbreaks so it is necessary to keep activated epidemiologicalmeasures. ",,ISSN: 0256-5374 ,Si
6/28/2022 8:36:10,Libro,Introducción a la Teoría de Números,Rita Roldán Inguanzo,2/2/2022,Uno de los autores,"Publicación digital, ",Editorial Universitaria,"ISBN 978-959-16-4727-6, 309 páginas","El texto que se presenta, pretende ser el material básico para un curso básico de Teoría de Números. Se presupone que el estudiante dispone de ciertos conocimientos básicos, como son los relativos a las propiedades de los números naturales, enteros, racionales y reales, el método de la inducción completa y la teoría de divisibilidad, al igual los conocimientos básicos de las disciplinas de Álgebra y Análisis Matemático. Sin embargo, gran parte del texto también puede ser estudiada por estudiantes interesados de nivel preuniversitario.
En el libro se presentan además algunos de los más interesantes problemas abiertos de la Teoría Aritmética de los Números y se incluye un listado bastante amplio de ejercicios, muchos de los cuales han sido seleccionados de la bibliografía referenciada al final del este texto. Complementa el material la presentación de notas biográficas e históricas que pretenden darle una imagen más vivencial.
",https://www.eduniv.cu,,Si
6/28/2022 8:39:44,Libro,Razonamiento y Lenguaje Matemático,Rita Roldán Inguanzo,2/2/2022,Uno de los autores,Publicación digital,Editorial universitaria,"ISBN 978-959-16-4726-9, 159 páginas","El objetivo de este texto es apoyar a aquellos que se inician en el estudio de la Matemática en el aprendizaje de una forma correcta de expresión y razonamiento que les sirva de base para la mejor comprensión de esta ciencia y ... ¿por qué no? ... de otras materias de las Ciencias Naturales. El texto se estructura en cuatro capítulos dedicados a temas básicos de la Teoría de Conjuntos, relaciones y funciones, la Lógica Matemática (que incluye algunos métodos clásicos de demostración matemática) y la Teoría Combinatoria. Cada capítulo culmina con un listado de ejercicios interesantes que apoyarán el aprendizaje.
Se debe resaltar que éste no constituye un texto de Lógica Matemática o de Teoría
Combinatoria, pues los temas que en él se presentan no se desarrollan con el rigor
ni la formalidad que exige esa ciencia y solamente se pretende servir de puente
en el tránsito de la enseñanza media al nivel superior, sobre todo en lo relativo a
la forma correcta de pensar en la Matemática. Se recomienda al lector que desee
ampliar sus conocimientos, no conformarse con estas breves notas y buscar lecturas especializadas y actualizadas. Para los interesados en la diversión que ofrecen estos temas, se propone al final un listado de problemas de pensamiento lógico, tomados de una revista de entretenimientos.",https://www.eduniv.cu,,Si
6/28/2022 8:42:01,Libro,Teoría de la Medida e Integración,Rita Roldán Inguanzo,3/3/2022,Uno de los autores,Publicación digital,Editorial Universitaria,"ISBN 978-959-16-4764-1, 239 páginas","El texto que se presenta constituye un apoyo bibliográfico al curso “Medida e
Integración” de la carrera de Matemática. Sin embargo, no se limita a las medidas
positivas y extiende su contenido a las medidas complejas. En cada tema se proponen ejercicios que ayudarán al lector en la comprensión total de la teoría. Se estructura en cinco capítulos, de manera que en los dos primeros se desarrolla la teoría de medida e  integración relativa a medidas positivas, el tercer capítulo se dedica a la regularidad de medidas, el cuarto a las medidas complejas, para culminar en un quinto capítulo donde se relaciona la diferenciación de medidas con la integración. Para comprender el texto es necesario tener una buena formación en Análisis Matemático real y complejo y en topología.",https://www.eduniv.cu,,Si
6/28/2022 8:44:20,Libro,Matemática I para especialidades de Ciencias Naturales,"Rita Roldán Inguanzo
Yolanda Hernández Rubio
María Elvira Fernández Sa",3/3/2022,Uno de los autores,Publicación digital,Editorial Universitaria,"ISBN (obra) 978-959-16-4758-0, (tomo I) 978-959-16-4758-7, Tomo I, 297 páginas","En este texto se han escogido problemas y ejercicios de Análisis Matemático, que se refieren a los contenidos de los programas de Matemática de las carreras de Ciencias Naturales que se estudian en nuestros centros de Educación Superior.
Se presta especial atención a aquellos temas, que por ser más importantes, requieren una mayor ejercitación, para lograr un dominio profundo de la materia y desarrollar habilidades necesarias para la creación científico - técnica. En los anexos se expone un resumen de Funciones Elementales y Secciones Cónicas.",https://www.eduniv.cu,,Si
6/28/2022 8:46:25,Libro,Matemática II para Especialidades de Ciencias Naturales,"Rita Roldán Inguanzo
Yolanda Hernández Rubio
Blanca A. Armersto Artiles",3/3/2022,Uno de los autores,Publicación digital,Editorial Universitaria,"ISBN (obra) 978-959-16-4758-0, (tomo I) 978-959-16-4758-3, Tomo II, 171 páginas","En este texto se han escogido problemas y ejercicios de Análisis Matemático, que se refieren a los contenidos de los programas de Matemática de las carreras de Ciencias Naturales que se estudian en nuestros centros de Educación Superior.
Se ha prestado especial atención a aquellos temas que, por ser más importantes,
requieren de una mayor ejercitación. Su importancia radica en el hecho de ser
frecuentemente utilizados en las aplicaciones de la Matemática en estas Ciencias.","ISBN (obra) 978-959-16-4758-0, (tomo I) 978-959-16-4758-3, Tomo II, 171 páginas",,Si
6/28/2022 8:48:38,Libro,Análisis Matemático Real. Ejercicios y Problemas,"Sofía Behar Jequín
Rita Roldán Inguanzo
Armando Arredondo Soto",12/12/2021,Uno de los autores,Publicación digital,Editorial Universitaria,"ISBN 978-959-16-4705-4, 239 páginas","En este libro se propone una colección de ejercicios, elegidos entre los muchos
que se presentan para lograr el correcto aprendizaje de los contenidos impartidos
en los cursos de Análisis Matemático de una variable real, en el primer año de
la Licenciatura en Matemática.
Esta recopilación tiene además el propósito de mostrar en detalle los métodos
de trabajo fundamentales en el estudio de las sucesiones, series numéricas y
funciones reales de variable real, así como la manera en que se integran muchos
de los resultados estudiados, tanto teóricos como prácticos, en su solución.
De ese modo, los ejercicios propuestos no solo coadyuvan a la adquisición de
algoritmos y procedimientos, sino que también favorecen la mejor comprensión
de los conceptos y resultados teóricos de esas asignaturas.",https://www.eduniv.cu,,Si
6/28/2022 13:32:28,Artículo publicado en journal,Construction of Caputo-Fabrizio Fractional Differential Mask for Image Enhancement,"Gustavo Asumu Mboro Nchama
Angela León Mecías
Leandro Daniel Lau Alfonso
Mariano Rodríguez Ricard ",1/20/2021,Uno de los autores,Progress in Fractional Differentiation and Applications,,"Volumen 7, No. 2, 87-96",,https://doi.org/10.18576/pfda/070203 ,,Si
6/28/2022 13:40:23,Artículo publicado en journal,Properties of the Caputo-Fabrizio Fractional Derivatives,"Gustavo Asumu Mboro Nchama
Leandro Daniel Lau Alfonso
Angela M. León Mecías
Mariano Rodríguez Ricard",12/12/2020,Uno de los autores,Applied Mathematics & Information Science,,"Vol. 14, No. 5, 76-769",,https://doi.org/10.18576/amis/140503,,Si
6/29/2022 12:26:26,Presentación en congreso (sin artículo),Matemática y Computación en el arte,Yeneit Delgado Kios,2/17/2022,Uno de los autores,Simposio MEM 2022,,,,,,Si
7/9/2022 7:15:24,Artículo publicado en journal,Prediction of effective properties for multilayered laminated composite with delamination: A multiscale methodology proposal,"D Guinovart-Sanjuan
R Rodríguez-Ram
K Vajraveluos
R Mohapatra
R Guinovart-Díaz
H Brito-Santana
V Tita
FJ Sabina",6/22/2022,Uno de los autores,Composite Structures,Elsevier,volume 297,"In the manuscript, piezoelectric composites with non-uniform imperfect contact at the interface are studied. For this, the two-scales asymptotic homogenization method is used to determine the effective properties of said piezocomposite. First, a theoretical framework is offered to determine the effective properties of piezoelectric materials with generalized periodicity. In addition, a method to solve the local problems for the particular case of stratified media with imperfect contact conditions is described. In the second part, the above-described methodology is used to study different numerical examples and compare the results taking into account distinct contact conditions at the interfaces. Examples include wavy composites with uniform imperfect contact, laminate composite with cracks at the interface, and non-uniform imperfect contact conditions elastic and piezoelectric composites. Also, the influence on the average properties of the small geometrical parameter related to the size of the periodic cell in the homogenization is illustrated. To validate the model, some of the results are compared with the values obtained by the finite elements method (FEM).",,https://doi.org/10.1016/j.compstruct.2022.115910,Si
7/9/2022 7:33:04,Presentación en congreso (sin artículo),Influencia de la vacunación en la evolución de la COVID-19 en Yucatán,"Raúl Guinovart Díaz
Julián Bravo Castillero",6/7/2022,Uno de los autores,Smart City Latam Congress Mérida 2022,,,El objetivo del presente trabajo es ilustrar mediante un ejercicio académico la utilidad del modelado matemático para visualizar posibles escenarios futuros en la evolución de la COVID-19. Los datos usados en los cálculos corresponden al periodo desde el 1º de enero al 2 de junio de 2022 reportados en los comunicados de prensa de la Secretaría de Salud de Yucatán https://www.yucatan.gob.mx/saladeprensa/. El modelo pretende reflejar la influencia de la vacunación y la velocidad de su aplicación en la evolución de la epidemia en el Estado de Yucatán.,https://www.facebook.com/IIMAS/,,Si
9/8/2022 23:29:55,Libro,Ecuaciones Diferenciales Ordinarias y Aplicaciones,Mariano Rodríguez Ricard,2/2/2022,Uno de los autores,EDUNIV,"http://www.eduniv.cu/items/show/40318 , EDUNIV Editorial Universitaria","(xiv, 180 pág.)",,ISBN: 978-959-16-4729-0,,Si
9/8/2022 23:44:25,Artículo publicado en journal,Bifurcations in twinkling patterns for the Lengyel-Epstein reaction-diffusion model,"Julián Sarría González
Ivonne Sgura
Mariano Rodríguez Ricard",3/10/2021,Uno de los autores,International Journal of Bifurcation and Chaos,World Scientific Publishing Company,"Vol. 31, No. 11 (2021) 2150164 (16 pages)","Conditions for the emergence of strong Turing–Hopf instabilities in the Lengyel–Epstein CIMA
reaction–diffusion model are found. Under these conditions, time periodic spatially inhomo-
geneous solutions can be induced by diffusive instability of the spatially homogeneous limit
cycle emerging at a supercritical Bautin–Hopf bifurcation about the unstable steady state of
the reaction system. We report numerical simulations by an Alternating Directions Implicit
(ADI) method that show the formation of twinkling patterns for a chosen parameter value, thus
confirming our theoretical results.",https://doi.org/10.1142/S0218127421501649,,Si
9/8/2022 23:52:35,Artículo publicado en journal,Modeling Covid-19 with a single equation,Celia T. González González,12/7/2020,Uno de los autores,Revista Ciencias Matemáticas,,"Vol.34, No.1, 2020, Pag.33-36","Nuestro interés en este trabajo es la presentación de un modelo de dinámica de epidemia que
consta de una sola ecuación. Se muestra la equivalencia del modelo con los clásicos del tipo SIR. Se destaca
la conveniencia del modelo para una epidemia de la que se conoce el período medio de recuperación. Se
muestra un procedimiento para el ajuste de parámetros de acuerdo a datos dados, y en particular, los que se
consideraron cuando modelamos la epidemia de la Covid-19 en Cuba.",,,Si
9/9/2022 0:01:11,Artículo publicado en proceeding de congreso,MODELACIÓN MATEMÁTICA DEL CRECIMIENTO TUMORAL EN PACIENTES CON GLIOBLASTOMA. EFECTOS DE LAS TERAPIAS CONVENCIONALES Y DE LA INMUNOTERAPIA,"Alejandro Roque Piedra
Mariano Rodríguez Ricard",8/10/2021,Uno de los autores,Compumat 2021,,,"El uso de la modelación matemática para la personalización de las terapias contra el cáncer y para plantear hipótesis de tratamientos con un potencial impacto clínico es un tema de creciente interés dentro de las biomatemáticas y la biotecnología. En esta investigación se analizan varios modelos clásicos que describen el crecimiento natural de un tumor y se selecciona el más adecuado teniendo en cuenta un equilibrio entre precisión y simplicidad. Este modelo se adapta para describir los efectos de las terapias convencionales sobre la evolución del glioblastoma. Los parámetros son ajustados a datos clínicos reales y luego se realizan simulaciones con pacientes virtuales para estudiar el efecto de diferentes esquemas de tratamiento. Por último se analiza la interacción de las células tumorales con el sistema inmune para investigar el efecto de posibles inmunoterapias sobre el crecimiento tumoral, en este caso dichos estudios se realizan con datos de pacientes tratados con nimotuzumab, anticuerpo monoclonal humanizado que actúa contra el EGFR (Epidermal Growth Factor Receptor). Finalmente, se estudia cómo se podrían alterar los esquemas de tratamiento actuales para prolongar el tiempo de vida del paciente y espaciar las dosis de manera que no se afecte su calidad de vida.",,,Si
9/21/2022 13:07:32,Artículo publicado en journal,"Aplicación EGRESO/COVID-19 una forma amigable de recopilar, almacenar y analizar datos de los pacientes ","Gemayqzel Bouza-Allende
Leinier Gutiérrez-González
Roger Rodríguez-Guzmán
Carlos Bermúdez-Porto
Leonel García-López
Roberto Martí-Cedeño  ",8/31/2022,Uno de los autores,"Revista Cubana de Higiene y Epidemiología, 59",,,,,,Si
9/21/2022 13:12:19,Artículo publicado en journal,"Aplicación EGRESO/COVID-19 una forma amigable de recopilar, almacenar y analizar datos de los pacientes","DrC. Gemayqzel Bouza-Allende, Profesor Titular, Universidad de La Habana. https://orcid.org/0000-0003-4457-9360
Lic. Leynier Gutiérrez-González, Universidad de La Habana. https://orcid.org/0000-0001-6393-1679
Dr. Roger Rodríguez-Guzmán, Profesor Asistente, Investigador Agregado, Universidad de Ciencias Médicas de La Habana. https://orcid.org/0000-0002-1430-1272
Lic. Carlos Bermúdez-Porto, Universidad de La Habana. https://orcid.org/0000-0002-5267-0327
Lic. Leonel García-López, Universidad Tecnológica de La Habana. https://orcid.org/0000-0001-9916-2103
Lic. Roberto Martí-Cedeño, Universidad de La Habana. https://orcid.org/0000-0002-7671-4187
",8/31/2022,Uno de los autores,"Revista Cubana de Higiene y Epidemiología, 59",,,,,,Si
9/21/2022 13:39:25,Presentación en congreso (sin artículo),PROCEDURES FOR SCRAMBLING SENSITIVE QUANTITATIVE VARIABLES: AN UPDATED REVIEW,"Carlos N. Bouza-Herrera, Universidad de La Habana
 Pablo O. Juárez-Moreno, Universidad de Guerrero
Agustín Santiago-Moreno, Universidad de Guerrero
José M. Sautto-Vallejo, Universidad de Guerrero",5/3/2022,"Jefe de departamento, vicedecano, u otro cargo facultado",PROCEDURES FOR SCRAMBLING SENSITIVE QUANTITATIVE VARIABLES: AN UPDATED REVIEW/ICOR 2022,,,,,,Si
9/21/2022 13:41:25,Presentación en congreso (sin artículo),STEEPEST DESCENT METHODS FOR DIFFERENT CLASS OF OPTIMIZATION PROBLEMS: AN OVERVIEW,"Gemayzel Bouza Allende, Universidad de La Habana",5/3/2022,Uno de los autores,ICOR 2022,,,,,,Si
9/21/2022 13:42:47,Presentación en congreso (sin artículo),GEOBASE: FIELD SURVEY MOBILE APPLICATION FOR DECISION MAKING,"Aracelys García Armenteros, UH
Joanna Campbell Amos, UH
Sira Allende Alonso, UH
Leonel García López, UH",5/3/2022,"Jefe de departamento, vicedecano, u otro cargo facultado",ICOR 2022,,,,,,Si
9/21/2022 13:44:32,Presentación en congreso (sin artículo),SOM to explore relationships between pathological history and symptoms of patients recovered from COVID-19,"Melissa Gonz_alez Garcia, Universidad de Cienfuegos
Sira Allende, Universidad de La Habana",5/3/2022,"Jefe de departamento, vicedecano, u otro cargo facultado",ICOR 2022,,,,,,Si
9/21/2022 13:49:12,Artículo publicado en journal,A TWO-STAGE SCRAMBLING PROCEDURE: SIMPLE AND STRATIFIED RANDOM SAMPLING. AN EVALUATION OF COVID19'S DATA IN MEXICO,"Carlos N Bouza-Herrera, Univesidad de La Habana
Pablo O Juárez-Moreno, Universidad Autonoma de Guerero
 Agustín Santiago-Moreno, Universidad Autonoma de Guerero
José M Sautto-Vallejo, Universidad Autonoma de Guerero",3/31/2022,"Jefe de departamento, vicedecano, u otro cargo facultado","Investigación Operacional, online first",,,,,,Si
9/21/2022 13:51:16,Artículo publicado en journal,Stratified Ranked Set Sampling With Missing Observations for Estimating the Difference,"Carlos Bouza, Universidad de La Habana",5/31/2022,"Jefe de departamento, vicedecano, u otro cargo facultado","Ranked Set Sampling Models and Methods, 209-232",,,,,,Si
9/21/2022 13:53:23,Artículo publicado en journal,Ratio-Type Estimation Using Scrabled Auxiliary Variables in Stratification Under Simple Random Sampling and Ranked Set Sampling,"Carlos Bouza-Herrera, Universidad de La Habana
Jose M. Sautto, Universidad Autonoma de Guerrero
Khalid Ul Islam Rather, Sher-e-Kashmir University of Agricultural Sciences and Technology of Jammu",3/31/2022,"Jefe de departamento, vicedecano, u otro cargo facultado","Ranked Set Sampling Models and Methods, 62-85",,,,,,Si
9/21/2022 16:15:01,Artículo publicado en journal,Un acercamiento a los modelos epidemiológicos poblacionales,"Elianys García-Pola Cordobes
Aymée Marrero Severo",9/7/2021,Uno de los autores,Revista INFODIR,,Número 37,,http://www.revinfodir.sld.cu/index.php/infodir,,Si
9/23/2022 11:07:50,Artículo publicado en journal,"Diabetic foot ulcer segmentation using logistic regression, DBSCAN clustering and morphological operators","Armando Heras Tang
Damian Valdés Santiago
Ángela León Mecías
Marta L. Baguer Díaz-Romanach
José A. Mesejo-Chiong",9/19/2022,Uno de los autores,ELCVIA Electronic Letters on Computer Vision and Image Analysis,,"21(2):23-39, ISSN 1577-5097","Digital images are used for the evaluation and diagnosis of diabetic foot ulcers. Selecting the region of interest in an image is a preliminary step for subsequent analysis. Most of the time, manual segmentation is not very reliable because specialists may have different opinions regarding the ulcer border; which has encouraged researchers to find and test automated segmentation techniques. This paper presents a computer-aided ulcer region segmentation algorithm for diabetic foot images. The proposed algorithm has two stages: ulcer region segmentation and post-processing of segmentation results. The first stage focused on the selection of a trained machine learning model to classify pixels inside the ulcer's region, after comparing five learning models. We performed exhaustive experiments with our own annotated dataset of images of Cuban patients. A second stage was needed due to the existence of some misclassified pixels. In order to solve this, we applied the DBSCAN clustering algorithm, together with dilation and closing morphological operators. The best-trained model after the post-processing stage was the logistic regressor (Jaccard Index 0.81, accuracy 0.94, recall 0.86, precision 0.91, and F1 score 0.88). This trained model was sensitive to irrelevant objects in the scene, but successfully detected the patient's foot. Physicians found these results promising for measuring the lesion area and to monitoring the ulcer healing process during treatments, which would significantly reduce errors.",https://doi.org/10.5565/rev/elcvia.1413,,Si
9/23/2022 11:09:26,Artículo publicado en journal,Sleep and stress of Havana workers during confinement by COVID-19,"Damian Valdés Santiago
Katherine Shania Cairo Pell
Silvia Miriam Pell del Río",9/12/2022,Uno de los autores,Psicologia Teoria e Prática,,"24(3), ePTPSS15515. São Paulo, SP. ISSN 1516-3687 (print), ISSN 1980-6906 (electronic version)",,https://doi.org/10.5935/1980-6906/ePTPSS15515,,Si
9/23/2022 11:11:23,Artículo publicado en journal,Wavelet leader based formalism to compute multifractal features for classifying lung nodules in X-ray imag-es,"Isabella María Sierra Ponce
Ángela León Mecías
Damian Valdés Santiago",8/8/2022,Uno de los autores,arXiv,,,,https://arxiv.org/abs/2207.00262,,Si
9/23/2022 11:13:12,Capítulo de libro,Uso del tiempo y estrés de trabajadores durante confinamiento por COVID-19,"Damian Valdés Santiago
Katherine Shania Cairo Pell
Silvia Miriam Pell del Río",7/20/2022,Uno de los autores,"M. C. Ferreira y J. T. da Rocha Falcão (coords.) Trabalho e Saúde: Metamorfoses na Produção de Mercadori-as e Serviços, Novo Perfil da Atividade dos Trabalhadores e Novo Perfil da Atividade dos Trabalhadores e Impactos para o Bem Estar no Trabalho","Editora UFRN, Brasil",,,,,Si
9/23/2022 11:14:33,Capítulo de libro,Risk perception management related to COVID-19: a study of scenarios planning in Cuba,"Silvia Miriam Pell del Río
Alfredo Luis Gil Rodríguez
Damian Valdés Santiago
María Milagros Febles Ele-jalde",7/10/2022,Uno de los autores,"Brunn & Gilbreath (eds.), COVID-19 and a World of Ad Hoc Geographies","Springer, Kentucky, United States",ISBN: 978-3-030-94349-3,,,,Si
9/23/2022 11:15:47,Capítulo de libro,Métodos y técnicas utilizados para la vigilancia en salud,"Gisele Coutin Marie
María Esther Álvarez Lauzarique
María del Carmen Pría Barros
Damian Valdés Santiago",7/7/2022,Uno de los autores,D. Rodríguez-Milord y R. González Cruz (coords.) Vigilancia de la salud pública. Experiencia cubana,Editorial de Ciencias Médicas,"Capítulo 4, pp. 65-91, ISBN 978-959-313-976-2",,,,Si
9/23/2022 11:16:53,Presentación en congreso (sin artículo),Sistematización para el desarrollo territorial en Cuba. Miradas desde la metodología Praxis,"Silvia Miriam Pell del Río
Ariadna Izaguirre
Damian Valdés Santiago",6/6/2022,Uno de los autores,"9ª Conferencia Latinoamericana y Caribeña de Ciencias Sociales. UNAM, Ciudad de México",,,,,,Si
9/23/2022 11:18:37,Presentación en congreso (sin artículo),"On pattern detection with Discrete Shapelet Transform II: shapelet estimation, multilevel detection and noise robustness","Damian Valdés Santiago
Ángela M. León Mecías
Marta L. Baguer Díaz-Romañach
Manuel González-Hidalgo
Antoni Jaume-i-Capo",6/6/2022,Uno de los autores,"15th International Conference on Operational Research, University of Havana",,,,,"Pertenece al Doctorado del MSc. Damian Valdés y cuenta con el apoyo del proyecto ""Métodos numéricos para problemas en múltiples escalas"", asociado al Programa Nacional de Cien-cias Básicas, Código PN223LH010-003, Ministerio de Ciencia, Tecnología y Medio Ambiente (CITMA), Cuba, 2021-2023.",Si
9/23/2022 11:20:02,Presentación en congreso (sin artículo),Nuevo Tesoro Lexicográfico de Cuba: su informatización,"Damian Valdés Santiago
Aurora Camacho",4/26/2022,Uno de los autores,CubaDigital,,,,,"Cuenta con el apoyo del proyecto ""Tesoro lexicográfico online del español de Cuba (Siglos XIX-XX)"", asociado al Programa Nacional de Ciencia y Técnica “Las Ciencias Sociales y las humanidades. Desafíos ante la estrategia de desarrollo de la so-ciedad cubana”, Código PN223LH011-013, Ministerio de Ciencia, Tecnología y Medio Ambiente (CITMA), La Habana, Cuba, 2021-2023.",Si
9/23/2022 11:24:31,Presentación en congreso (sin artículo),"Dos proyectos de Humanidades Digitales en el ILL: Tesoro Lexicográfico de Cuba, Informatización del catálo-go de su Biblioteca",Damian Valdés Santiago,4/20/2022,Uno de los autores,"Diálogos: Humanidades Digitales en el contexto cubano e iberoamericano, Proyecto Humboldt Digital (ProHD), Centro Histórico de La Habana, Cuba",,,,https://www.youtube.com/watch?v=44F54nicMOk&ab_channel=ProyectoHumboldtDigital,"Cuenta con el apoyo del proyecto ""Dinámicas sociales, políticas y económicas en el discurso público en Cuba de principio del siglo XXI: estudios de CORESPUC"", asociado al Programa Nacional de Ciencia y Técnica “Las Ciencias Sociales y las hu-manidades. Desafíos ante la estrategia de desarrollo de la sociedad cubana”, Código PN223LH011-011, Minis-terio de Ciencia, Tecnología y Medio Ambiente (CITMA), Cuba, 2021-2023.",Si
9/23/2022 11:25:22,Presentación en congreso (sin artículo),"Análisis de secuencias de actividades, salud y estrés en trabajadores habaneros durante el confinamiento por COVID-19, La Habana, 2020",Damian Valdés Santiago,3/16/2022,Uno de los autores,"Taller de actualización de investigaciones en la residencia de Bioestadística, Escuela Nacional de Salud Públi-ca, La Habana, Cuba",,,,,,Si
9/23/2022 11:26:17,Presentación en congreso (sin artículo),"“En el oficio de investigar, ¿y las TIC pa’ cuándo?”",Damian Valdés Santiago,12/4/2021,Uno de los autores,"III Evento “Comunidad Científica de Jóvenes Investigadores”: Desafíos de los jóvenes científicos sociales [virtual], Sancti Spíritus, Cuba ",,,,,,Si
9/23/2022 11:27:41,Presentación en congreso (sin artículo),Alternatives to build wavelet bases adapted to one-dimensional patterns,"Damian Valdés Santiago
Ángela León Mecías
Marta L. Baguer Díaz-Romañach",11/29/2021,Uno de los autores,"X WWlet Wavelets & Aplicações, São José dos Campos, São Paulo, Brasil",,,,,"Vinculado al Doctorado de Damian Valdés y al proyecto ""Métodos numéricos para problemas en múltiples escalas"", asociado al Programa Nacional de Cien-cias Básicas, Código PN223LH010-003, Ministerio de Ciencia, Tecnología y Medio Ambiente (CITMA), Cuba, 2021-2023.",Si
10/25/2022 11:31:31,Artículo publicado en proceeding de congreso,La aplicación de la Matemática en las Ciencias Biológicas y Farmacéuticas,"Roxana Cabrera Puig
Alicia Robbio Marrero",11/16/2021,Uno de los autores,"Matecompu 2021/XXII Edición del Evento Internacional, Matanzas",,ISBN: 978-959-16-4655-2,"En las ciencias biológicas y farmacéuticas, se aplica el enfoque matemático para interpretar, analizar  los problemas que aparecen en el estudio de estas ciencias. Pero, ¿cómo hacer más atractiva la enseñanza de la Matemática en los estudiantes que cursan la carrera de Biología y Farmacia de la Universidad de la Habana? El objetivo es mostrar aplicaciones sencillas de temas de matemática, que se han empleado en los contenidos de la asignatura mediante situaciones para motivar a los estudiantes en el estudio de las ciencias incorporando las herramientas teóricas de forma creativa para investigar fenómenos, modelar, predecir y analizar resultados.
PALABRAS CLAVE: matemática, biología, farmacia, aplicaciones
",http://www.umcc.cu/evento-matecompu-2021,Participación en el evento con 30 horas teórico.prácticas. 18 de noviembre 2021,Si
10/25/2022 11:41:23,Artículo publicado en journal,"Diabetic foot ulcer segmentation using logistic regression, DBSCAN clustering and morphological operators","Armando Heras Tang
Damian Valdes Santiago
Angela M. Leon Mecias
Marta L. Baguer Diaz-Romanach
Jose A. Mesejo Chiong",8/14/2022,Uno de los autores,Electronic Letters on Computer Vision and Image Analysis ,,"21 (2): 23-39, 2022","Digital images are used for the evaluation and diagnosis of diabetic foot ulcers. Selecting the region of interest in an image is a preliminary step for subsequent analysis. Most of the time, manual segmentation is not very reliable because specialists may have different opinions regarding the ulcer border; which has encouraged researchers to find and test automated segmentation techniques. This paper presents a computer aided ulcer region segmentation algorithm for diabetic foot images. The proposed algorithm has two stages: ulcer region segmentation and post-processing of segmentation results. The first stage focused on the selection of a trained machine learning model to classify pixels inside the ulcer’s region, after comparing five learning models. We performed exhaustive experiments with our own annotated dataset of images of Cuban patients. A second stage was needed due to the existence of some misclassified pixels. In order to solve this, we applied the DBSCAN clustering algorithm, together with dilation and closing morphological operators.
The best-trained model after the post-processing stage was the logistic regressor (Jaccard Index 0.81, accuracy 0.94, recall 0.86, precision 0.91, and F1 score 0.88). This trained model was sensitive to irrelevant objects in the scene, but successfully detected the patient’s foot. Physicians found these results promising for measuring the lesion area and to monitoring the ulcer healing process during treatments, which would significantly reduce errors.
",https://doi.org/10.5565/rev/elcvia.1413,,Si
10/25/2022 13:04:07,Libro,Análisis Funcional Lineal,Rita Roldán Inguanzo,10/10/2022,Uno de los autores,Libro de texto,"Eduniv, La Habana, y Ciudad Educativa, Miami","pp 253, ISBN 978-1-5129-8888-8","Este texto se estructura en ocho capítulos, cuyo objetivo central es el estudio de funcionales y operadores lineales continuos y de los espacios sobre los que estos se definen",http://editorial.eduniv.cu:8083/page/2,,Si
10/25/2022 14:07:31,Artículo publicado en journal,"Cuban Abdala vaccine: Effectiveness in preventing severe disease and death from COVID-19 in Havana, Cuba; A cohort study","Pedro I.Más-Bermejo
Félix O.Dickinson-Meneses
Kenia Almenares-Rodríguez
LizetSánchez-Valdés
Raúl Guinovart-Díaz
María Vidal-Ledo
Enrique Galbán-García
Yadira Olivera-Nodarse
Isabel Morgado-Vega
Santiago Dueñas-Carrera
Merardo Pujol
Francisco Hernández-Bernal
Miladys Limonta-Fernández
Gerardo Guillén-Nieto
Verena L.Muzio-González
MartaAyala-Ávila",12/1/2022,Uno de los autores,The Lancet Regional Health - Americas,ELSEVIER,"Volume 16, December 2022, 100366","COVID-19 vaccines have proven safe and efficacious in reducing severe illness and death. Cuban protein subunit vaccine Abdala has shown safety, tolerability and efficacy (92·3% [95% CI: 85·7‒95·8]) against SARS-CoV-2 in clinical trials. This study aimed to estimate Abdala's real-world vaccine effectiveness (VE).",https://doi.org/10.1016/j.lana.2022.100366,,Si
10/25/2022 14:12:31,Presentación en congreso (sin artículo),Influencia de la vacunación en la evolución de la COVID-19 en Yucatán,"Raúl Guinovart Díaz
Julián Bravo Castillero",6/7/2022,Uno de los autores,Smart City Expo LATAM Congress 2022,,,"Desde el 13 de marzo de 2020, el Grupo de análisis de datos y modelación matemática ha aplicado diferentes modelos para seguir la evolución de la COVID-19 en Yucatán;  http://covid19.yucatan.unam.mx/. El objetivo del presente trabajo es ilustrar mediante un ejercicio académico la utilidad del modelado matemático para visualizar posibles escenarios futuros en la evolución de la COVID-19. Los datos usados en los cálculos corresponden al periodo desde el 1º de enero al 2 de junio de 2022 reportados en los comunicados de prensa de la Secretaría de Salud de Yucatán https://www.yucatan.gob.mx/saladeprensa/.
",,,Si
10/25/2022 14:50:06,Presentación en congreso (sin artículo),Social Impact of scientific modeling in the multidisciplinary confrontation with COVID-19 in Cuba,"Raúl Guinovart Díaz
Wilfredo Morales Lezca
Isidro Abelló Ugalde",4/29/2022,Uno de los autores,BIOHABANA 2022,,,,,,Si
10/25/2022 16:03:56,Artículo publicado en journal,A Mathematical Model for HIV/AIDS Under Pre-Exposure and Post-Exposure Prophylaxis.,"Erick Delgado Moya,
Diego Samuel Rodrigues,
Alain Pietrus,
Aymee Marrero Severo",10/14/2022,Uno de los autores,BIOMATH ,,BIOMATH 11(2):1-28. https://doi.org/10.55630/j.biomath.2022.08.319. License CC BY 4.0,"HIV/AIDS has a strong impact on society, theeconomy, and health. Early diagnosis of cases, adherenceto treatment, and prevention are important factors incontrolling the epidemic in the population. In this paper,we present a new mathematical model for the study ofHIV/AIDS transmission. Our model is stratified in menand women, to account for the main forms of sexualtransmission homosexual and heterosexual relationships,and infectiousness in the HIV and AIDS stages. Inaddition, in the construction of the model, we take intoaccount the influence of Pre-Exposure Prophylaxis (PrEP)and Post-Exposure Prophylaxis (PEP) to study the impactof these implementations, diagnosis, and effectiveness oftreatment based on viral load undetectability. We studythe basic reproduction number by subpopulation (menand women) and general. Working by subpopulationsallows us to study men who have sex with men who havea strong impact on virus transmission. Also, we study theinfection-free equilibrium points due to their relationshipwith the basic reproduction number and demonstrate theglobal stability by subpopulation and general. To exploreour model, we performed computational simulations ona scenario designed with data from the literature andassumed, studying the influence of the parameters associ-ated with the use of PrEP, PEP, and undetectability on thebasic reproduction number by varying them individuallyand jointly. We concluded that in women the basicreproduction number is always lower than unity and thatin men the parameter associated with the undetectabilityof the viral load in HIV men has a strong influence on thedynamics. We also address the impact of PrEP, PEP, andundetectability in HIV and AIDS on the compartments,considering different scenarios varying the parametersjointly and independently and by sex which show difficultyin reducing women with AIDS. The scenario that showedthe best results in the reduction of the number of HIVand AIDS cases was when the parameters associatedwith undetectability in HIV and AIDS men and womentake the 90-90-90 that is proposed in the World HealthOrganization (WHO) strategy .",https://doi.org/10.55630/j.biomath.2022.08.319,"Indexed in SJR: 0.250, Scopus, DOAJ, EBSCO, MathSciNet, zbMATH.",Si
10/26/2022 7:10:05,Artículo publicado en journal,Modeling of imperfect viscoelastic interfaces in composite materials,"Oscar Luis Cruz-González
Reinaldo Rodríguez-Ramos
Frederic Lebon
Federico J. Sabina",5/20/2022,Uno de los autores,"Coatings 12, 705, 2022. https://doi.org/10.3390/coatings12050705 (Multidisciplinary Digital Publishing Institute (MDPI)). ",MDPI,"Vol. 12, 705","The present work deals with hierarchical composites in three dimensions, whose constituents
behave as non-aging linear viscoelastic materials. We model the influence that imperfect
viscoelastic interfaces have on the macroscopic effective response of these structures. As an initial
approach, the problem of two bodies in adhesion is studied and in particular the case of soft
viscoelastic interface at zero-order is considered. We deduce the integral form of the viscoelastic
interface by applying the matched asymptotic expansion method, the correspondence principle,
and the Laplace–Carson transform. Then, by adapting the integral form previously obtained, we
address a heterogeneous problem for periodic structures. Here, theoretical results obtained for perfect
interfaces are extended to the formal viscoelastic counterpart of the spring-type imperfect interface
model. Finally, we show the potential of the proposed approach by performing calculations of
effective properties in heterogeneous structures with two- and three-scale geometrical configurations
and imperfect viscoelastic interfaces.",https://doi.org/10.3390/coatings12050705,,Si
10/26/2022 7:14:33,Artículo publicado en journal,Overall properties for elastic micropolar heterogeneous laminated composites with centro-symmetric constituents.,"Y. Espinosa-Almeyda
V. Yanes
R. Rodríguez-Ramos
Federico J. Sabina
F. Lebon
C. F. Sánchez-Valdés
H. Camacho-Montes",12/15/2022,Uno de los autores,"Mechanics of High-Contrast Elastic Solids"". (Springer). ",Springer,,"In this work, the effective properties of multi-phase periodic laminated
Cosserat composite are computed by means of the two-scale asymptotic homogenization
method (AHM). The statements of the local problems and the formulas
of the associated effective properties are explicitly described. In addition, the
case of centro-symmetric laminated Cosserat with isotropic constituents is studied
and the corresponding effective coefficients are given in terms of the engineering
constants. Numerical results for different periodic centro-symmetric bi-laminated
Cosserat composites are reported and analyzed.",,,Si
10/26/2022 7:20:05,Artículo publicado en journal,. Effective behavior of viscoelastic composites: comparison of Laplace–Carson and time-domain mean-field approach.,"Tarkes Dora Pallicity
O. L. Cruz-González
J. A. Otero
R. Rodríguez-Ramos",6/18/2022,Uno de los autores,Archive of Applied Mechanics (Springer).,Springer,"92, 2371–2395, 2022. ","The paper focuses on deriving the macroscale viscoelastic constitutive laws using asymptotic expansion
method. Both the differential and integral form of the linear viscoelastic constitutive relation of the phases
is used in deriving the effective incremental potential and effective constitutive relation, respectively. The
integral form is handled by considering the correspondence principle and the Laplace–Carson (LC) transform.
A closed-form expression for the effective viscoelastic properties in LC domain is obtained by means of the
asymptotic homogenization method (AHM). In addition, AHM coupled with finite element simulation of a
representative volume element with periodic boundary conditions is used (AHM + FE). The last step in both
approaches is the numerical inversion to the time domain. Solution in time domain is obtained with numerical
Laplace inversion algorithms. In case of the differential form, using variational approach, the effective
incremental potential in time domain is directly obtained using mean-field method. Different homogenization
approaches are exemplified for evaluation of the effective relaxation behavior of composite (viscoelastic matrix
reinforced by unidirectional elastic fibers), and they are compared. In the approaches based on LC transform,
effective modulus and Poisson’s ratio agree well with each other for any property contrast and fiber volume
fraction. However, in case of relatively low property contrast, mean field overpredicts as compared to LC
approaches in the fiber direction, whereas at relatively higher property contrast, it is vice versa. The difference
increases at higher volume fractions due to synergistic effect of the error due to geometrical assumptions
involved in the localization tensor and interaction effects of the fiber inclusions. A good agreement in all
directions is observed among the three schemes at intermediate volume fractions and property contrast. This
study serves as benchmark for further theoretical improvements and experimental investigations.",https://doi.org/10.1007/s00419-022-02181-7 ,,Si
10/26/2022 7:23:23,Artículo publicado en journal,Influence of imperfect interface on the effective properties of elastic micropolar nanostructures.,"Y. Espinosa-Almeyda
V. Yanes
R. Rodríguez-Ramos
J. A. Otero
C. F. Sánchez-Valdés
H. Camacho-Montes
P. Padilla Longoria
F. J. Sabina",12/20/2022,Uno de los autores,ZAMM - Journal of Applied Mathematics and Mechanics / Zeitschrift für Angewandte Mathematik und Mechanik (Wiley). ,Wiley,,,,,Si
10/26/2022 7:27:43,Artículo publicado en journal,. Prediction of effective properties for multilayered laminated composite with delamination: A multiscale methodology proposal.,"D. Guinovart-Sanjuan
R. Rodríguez-Ramos
K. Vajravelu
R. Mohapatra
R. Guinovart-Díaz
H. Brito-Santana
V. Tita
F.J. Sabina.",6/22/2022,Uno de los autores,Composite Structures ,Springer,"297, 115910, 2022. ","In the manuscript, piezoelectric composites with non-uniform imperfect contact at the interface are studied.
For this, the two-scales asymptotic homogenization method is used to determine the effective properties of said
piezocomposite. First, a theoretical framework is offered to determine the effective properties of piezoelectric
materials with generalized periodicity. In addition, a method to solve the local problems for the particular
case of stratified media with imperfect contact conditions is described. In the second part, the above-described
methodology is used to study different numerical examples and compare the results taking into account
distinct contact conditions at the interfaces. Examples include wavy composites with uniform imperfect contact,
laminate composite with cracks at the interface, and non-uniform imperfect contact conditions elastic and
piezoelectric composites. Also, the influence on the average properties of the small geometrical parameter
related to the size of the periodic cell in the homogenization is illustrated. To validate the model, some of the
results are compared with the values obtained by the finite elements method (FEM).",https://doi.org/10.1016/j.compstruct.2022.115910 ,,Si
10/27/2022 15:17:50,Artículo publicado en journal,Intelligent ensembling of auto-ML system outputs for solving classification problems,"Juan Pablo Consuegra-Ayala
Yoan Gutiérrez
Yudivian Almeida-Cruz
Manuel Palomar",7/18/2022,Uno de los autores,Information Sciences,ELSEVIER,"Vol. 609, pp.766-780, ISSN 0020-0255","Automatic Machine Learning (Auto-ML) tools enable the automatic solution of real-world problems through machine learning techniques. These tools tend to be more time consuming than standard machine learning libraries, therefore, exploiting all the available resources to the full is a valuable feature. This paper presents a two-phase optimization system for solving classification problems. The system is designed to produce more robust classifiers by exploiting the different architectures that are generated while solving classification problems with Auto-ML tools, particularly AutoGOAL. In the first phase, the system follows a probabilistic strategy to find the best combination of algorithms and hyperparameters to generate a collection of base models according to certain diversity criteria; and in the second, it follows similar Auto-ML strategies to ensemble those models. The HAHA 2019 challenge corpus and the Adult dataset were used to evaluate the system. The experimental results show that: i) a better solution can be built by ensembling a subset of the already tested models; ii) the performance of ensemble methods depends on the collection of base models used; and, iii) ensuring diversity using the double-fault measure produces better results than the disagreement measure. The source code is available online for the research community.",https://doi.org/10.1016/j.ins.2022.07.061,,Si
10/28/2022 0:20:36,Artículo publicado en journal,Complexity entropy analysis at different levels of organisation in written language,"Ernesto Estévez Rams
Ania Mesa Rodríguez
Daniel Estevez Moya",5/8/2019,Uno de los autores,PloS one,,,"Written language is complex. A written text can be considered an attempt to convey a meaningful message which ends up being constrained by language rules, context dependence and highly redundant in its use of resources. Despite all these constraints, unpredictability is an essential element of natural language. Here we present the use of entropic measures to assert the balance between predictability and surprise in written text. In short, it is possible to measure innovation and context preservation in a document. It is shown that this can also be done at the different levels of organization of a text. The type of analysis presented is reasonably general, and can also be used to analyze the same balance in other complex messages such as DNA, where a hierarchy of organizational levels are known to exist.",https://doi.org/10.1371/journal.pone.0214863,,Si
10/28/2022 0:30:06,Artículo publicado en proceeding de congreso,Analysis of causal relationship between different cortical regions measured by transfer entropy,"Ania Mesa Rodríguez
Deirel Paz Linares
Anisleidy González Mitjans
Mitchell Valdés Sosa
Ariosky Areces Gonzalez
Pedro A. Valdes Sosa",7/5/2021,Uno de los autores,International Journal of Psychophisiology,,,,https://dx.doi.org/10.1016/j.ijpsycho.2021.07.373,,Si
10/28/2022 10:42:11,Artículo publicado en journal,A novel form of imperfect contact laws in flexoelectricity,"Michele Serpilli
Raffaella Rizzoni
Reinaldo Rodríguez-Ramos
Frédéric Lebon
Serge Dumont ",8/8/2022,Uno de los autores,Composite Structures,Elsevier,Composite Structures 300 (2022) 116059,"Flexoelectric materials exhibit coupling between electric polarization and mechanical strain gradient. At the
nano-scale and micro-scale, these materials offer a promising potential for the development of mechanical
transducers and energy harvesters. This work proposes a new imperfect interface model simulating the behavior
of a thin flexoelectric layer (adhesive) of vanishing thickness, embedded between two flexoelectric media
(adherents). The adhesive is assumed to be mechanically compliant and electrically lowly-conducting. The
interface model is obtained by using the asymptotic analysis. The contact laws, expressed in terms of the
jumps and means values of the displacements, normal derivatives of the displacements, and electric potential
across the interface, represent a formal generalization of the soft elastic and piezoelectric interface conditions.
A simple application, considering a one-dimensional three-layer composite micro-bar subject to electromechanical
loads, is developed in order to analytically/numerically assess the asymptotic model. Nonlocal
phenomena and end-effects, related to a flexoelectric length-scale parameter, are highlighted. The example
illustrates the usefulness of the proposed approach toward the design of thin nano- and microscale devices
exploiting the flexoelectric effect.",https://doi.org/10.1016/j.compstruct.2022.116059,,Si
10/28/2022 10:51:44,Artículo publicado en journal,Closed-form expressions for the effective properties of piezoelastic composites reinforced with cylindrical fibers by Maxwell scheme. ,"R. Rodríguez-Ramos
J. A. Otero
Y. Espinosa-Almeyda
F. J. Sabina
V. Levin.",8/27/2022,Uno de los autores,Mechanics of Materials ,Elsevier,Mechanics of Materials 174 (2022) 104452,"In this work, the Maxwell scheme is implemented to characterize the effective properties of piezoelastic
fiber composites reinforced by unidirectional cylindrical fibers distributed along the 𝑥3-axis. The piezoelastic
composites are assumed to have transversely isotropic constituent materials. Analytical expressions for the
effective properties (elastic, piezoelectric, and dielectric) are reported. The Mori–Tanaka approach is also
developed for piezoelastic composites and it is shown that their analytical results coincide with the Maxwell
scheme and the effective field method. Numerical analysis and comparisons with the two-scale asymptotic
homogenization method and the semi-analytical finite element method are shown and discussed. As a summary,
the novelty value of this work is that the Maxwell and Mori–Tanaka schemes have been extended to
heterogeneous piezoelectric structures. Closed formulas are derived for the effective elastic, piezoelectric, and
dielectric moduli. A numerical implementation of the effective moduli is carried out and the overall properties
are validated with other methods.",https://doi.org/10.1016/j.mechmat.2022.104452,,Si
10/29/2022 10:58:49,Capítulo de libro,Análisis de Secuencias Sociales para la vigilancia en salud,"Damian Valdés Santiago
María del Carmen Pría Barros
María Esther Álvarez Lauzarique",10/13/2022,Uno de los autores,"Bolaños Gutiérrez, M. R., Sarduy Domínguez Y. y León Cabrera, P. (coords.) Grupos de investigación de la Es-cuela Nacional de Salud Pública (2016-2020)",Editorial de Ciencias Médicas,"pp. 272-282, ISBN 978-959-316-041-4",,http://www.bvscuba.sld.cu/libro/grupos-de-investigacion-de-la-escuela-nacional-de-salud-publica-2016-2020,,Si
10/29/2022 11:00:12,Capítulo de libro,Risk perception management related to COVID-19: a study of scenarios planning in Cuba,"Silvia Miriam Pell del Río
Alfredo Luis Gil Rodríguez
Damian Valdés Santiago
María Milagros Febles Ele-jalde",9/10/2022,Uno de los autores,"Brunn & Gilbreath (eds.), COVID-19 and a World of Ad Hoc Geographies","Springer, Cham",pp. 2243-2258. ISBN: 978-3-030-94349-3,,https://doi.org/10.1007/978-3-030-94350-9_122.,,Si
10/29/2022 11:02:35,Capítulo de libro,Métodos y técnicas utilizados para la vigilancia en salud,"Gisele Coutin Marie
María Esther Álvarez Lauzarique
María del Carmen Pría Barros
Damian Valdés Santiago",10/12/2022,Uno de los autores,D. Rodríguez-Milord y R. González Cruz (coords.) Vigilancia de la salud pública. Experiencia cubana,Editorial de Ciencias Médicas,"pp. 65-91, ISBN 978-959-313-976-2",,http://www.ecimed.sld.cu/2022/05/18/vigilancia-de-la-salud-publica-experiencia-cubana/,,Si
10/29/2022 11:03:57,Artículo publicado en journal,Metodología para el desarrollo del sistema web para la gestión de los programas de maestrías del Instituto «Pedro Kourí»,"Mario Barrientos Rodríguez
Grisel Zacca González
Marta Castro Peraza
Delmis Álvarez Gainza
María Vidal Ledo
Damian Valdés Santiago",9/20/2022,Uno de los autores,Revista Cubana de Informática Médica,,"14(2), ISSN 1684-1859",,http://revinformatica.sld.cu/index.php/rcim/article/view/537,,Si
11/1/2022 11:39:58,Presentación en congreso (sin artículo),IMOPACTO DE LA PANDEMIA EN LOS PLANES DE ESTUDIO DE MATEMATICA Y CIENCIA DE LA COMPUTACION,"Rita Roldán
Carmen Fernández",10/26/2022,Uno de los autores,Taller institucional: Impacto de la plandemia en los planes de estudio de la Universidad de La Habana,,,Análisis del impacto en los planes de estudio de Matemática y Ciencia de la Computación como efecto de los ajustes provocados por la COVID-19,,,Si
11/2/2022 9:01:01,Artículo publicado en journal,Wave blocking in a bistable system by local introduction of a population: application to sterile insect techniques on mosquito populations,"Jorge Estrada Hernández
Luis Almeida
Nicolas Vauchelet",8/1/2022,Uno de los autores,Mathematical Modelling of Natural Phenomena ,,Volumen 17,,https://doi.org/10.1051/mmnp/2022026,,Si
11/3/2022 8:44:56,Presentación en congreso (sin artículo),The sterile insect technique used as a barrier control against reinfestation,"Jorge Estrada Hernández
Luis Almeida
Nicolas Vauchelet ",6/24/2021,Uno de los autores,10ma Bienal Francesa de Matemáticas Aplicadas e Industriales,,,,https://smai2021.math.univ-toulouse.fr/accueil/,,Si
11/3/2022 8:50:30,Capítulo de libro,The sterile insect technique used as a barrier control against reinfestation ,"Jorge Estrada Hernández
Luis Almeida
Nicolas Vauchelet ",3/21/2022,Uno de los autores,Optimization and Control for Partial Differential Equations,De Gruyter,"Volumen 29, capítulo 5","The sterile insect technique consists in massive release of sterilized males in the aim to reduce the size of mosquitoes population or even eradicate it. In this work, we investigate the feasibility of using the sterile insect technique as a barrier against reinvasion. More precisely, we provide some numerical simulations and mathematical results showing that performing the sterile insect technique on a band large enough may stop reinvasion.",https://doi.org/10.1515/9783110695984,,Si
11/3/2022 15:14:40,Artículo publicado en journal,Reconocimiento de patrones de aprendizaje para elevar la calidad educativa en la Educación Superior medido en una escala neutrosófica indeterminada de likert. ,Ricardo Sánchez Casanova,3/22/0022,Uno de los autores,"Investigación Operacional. V:43, No: 4 ISSN 0257-4306",,,,,,Si
11/3/2022 23:19:52,Artículo publicado en journal,Detection of DIAG and LINE Patterns in PassPoints Graphical Passwords Based on the Maximum Angles of Their Delaunay Triangles,"Lisset Suárez Plasencia
Joaquín Alberto Herrera Macías
Carlos Miguel Legón Pérez
Guillermo Sosa Gómez
Omar Rojas",3/3/2022,Uno de los autores,Sensors,,"Volumen 22, Número 5, ","An alternative authentication method to traditional alphanumeric passwords is graphical password authentication, also known as graphical authentication, for which one of the most valuable cued-recall techniques is PassPoints. This technique stands out for its security and usability. However, it can be violated if the user follows a predefined pattern when selecting the five points in an image as their passwords, such as the DIAG and LINE patterns. Dictionary attacks can be built using these two patterns to compromise graphical passwords. So far, no reports have been found in the state of the art about any test capable of detecting graphical passwords with DIAG or LINE patterns in PassPoints. Studies carried out in other scenarios have shown the effectiveness of the characteristics of Delaunay triangulations in extracting information about the dependence between the points. In this work, graphical passwords formed by five randomly selected points on an image are compared with passwords whose points contain patterns of the DIAG or LINE type. The comparison is based on building for each password its Delaunay triangulation and calculating the mean value of the maximum angles of the triangles obtained; such a mean value is denoted by amadt. It is experimentally shown that in passwords containing DIAG and LINE patterns, the value of amadt is higher than the one obtained in passwords formed by random dots. From this result, it is proposed to use this amadt value as a statistic to build a test of means. This result constitutes the work’s main contribution: The proposal of a spatial randomness test to detect weak graphic passwords that contain DIAG and LINE type patterns. The importance and novelty of this result become evident when two aspects are taken into account: First, these weak passwords can be exploited by attackers to improve the effectiveness of their attacks; second, there are no prior criteria to detect this type of weak password. The practical application of said test contributes to increasing PassPoints security without substantially affecting its efficiency",https://doi.org/10.3390/s22051987,,Si
11/3/2022 23:41:16,Artículo publicado en journal,Weak PassPoint Passwords Detected by the Perimeter of Delaunay Triangles ,"Lisset Suárez Plasencia
Carlos Miguel Legón Pérez
Joaquín Alberto Herrera Macías
Raisa Socorro Llanes
Omar Rojas
Guillermo Sosa Gómez ",9/21/2022,Uno de los autores,Security and Communication Networks,Hindawi ,"Volumen 2022, págs.1-14","PassPoint is a graphical authentication technique that is based on the selection of five points in an image. A detected vulnerability lies in the possible existence of a pattern in the points that make up the password. The objective of this work is to detect nonrandom graphical passwords in the PassPoint scenario. A spatial randomness test based on the average of Delaunay triangles’ perimeter is proposed, given the ineffectiveness of the classic tests in this scenario, which only consists of five points. A state-of-the-art of various applications of Voronoi polygons and Delaunay triangulations are presented to detect clustered and regular patterns. The distributions of the averages of the triangles’ perimeters in the PassPoint scenario for various sizes of images are disclosed, which were unknown. The test’s decision criterion was constructed from one of the best distributions to which the data were adjusted. Type I and type II errors were estimated, and it was concluded that the proposed test could detect clustered and regular graphical passwords in PassPoint, therefore being more effective in detecting clustering than regularity.",https://doi.org/10.1155/2022/3624587,,Si
11/4/2022 10:21:45,Libro,Estadística descriptiva en investigaciones sociales,"Frank Michel Enrique Hevia
Marlys Peña Alvarez",4/6/2022,Uno de los autores,Estadística descriptiva en investigaciones sociales,Editorial Académica Española,124 p. ISBN: 978-3-639-60562-4,,,,Si
11/4/2022 10:32:41,Presentación en congreso (sin artículo),La ciencia y la tecnología como procesos sociales en la educación de Análisis de datos,"Frank Michel Enrique Hevia
Niurka González Torres",3/16/2022,Uno de los autores,XII Encuentro científico de la cátedra Dulce María Escalona,Educación Cubana,ISBN: 978-959-7264-11-8,,,,Si
11/4/2022 20:51:20,Artículo publicado en journal,La enseñanza aprendizaje con recursos tecnológicos en tiempos de covid-19,"Miraida Ferras Ferras
Ismael Tamayo Rodríguez",10/21/2022,Uno de los autores,Revista Espíritu Emprendedor TES,,"Volumen 6, No. 4, octubre a diciembre, ISSN 2602-8093","El uso de las tecnologías de la información y las comunicaciones (TIC) en el proceso de enseñanza aprendizaje implicó cambios en la forma de enseñar y aprender, máxime en la etapa de aislamiento por la pandemia de la Covid-19. El artículo tuvo como objetivo analizar el empleo de recursos tecnológicos, con énfasis en los dispositivos móviles, en la enseñanza aprendizaje del cálculo diferencial e integral en la etapa de aislamiento por la pandemia. Mediante el método teórico de análisis-síntesis de diversos documentos relacionados con el empleo de las TIC, artículos científicos y tesis de doctorado, se fundamentó la propuesta. Se utilizó un enfoque cuantitativo, descriptivo transversal por medio de un cuestionario, algunas respuestas basadas en escala de Likert, otras abiertas para evaluar el aprendizaje con una muestra, no probabilística, de 79 estudiantes de la carrera de Licenciatura en Ciencias Farmacéuticas de la Universidad de la Habana, Cuba, que permitió describir, explicar e interpretar el estudio. La información obtenida evidencia que, con el empleo de recursos tecnológicos, con énfasis en los dispositivos móviles, se logró motivar a los estudiantes, gestionar su autoaprendizaje y favorecer el aprendizaje del contenido de cálculo diferencial e integral como parte de la asignatura Matemática II. La creación y puesta en funcionamiento del Entorno Virtual de Enseñanza Aprendizaje (EVEA), la utilización de las redes sociales para la virtualización de la enseñanza y la cooperación de todos los agentes educativos hicieron posible la continuidad del proceso de enseñanza aprendizaje en condiciones de aislamiento.",https://doi.org/10.33970/eetes.v6.n4.2022.323,,Si
11/4/2022 21:31:39,Artículo publicado en proceeding de congreso,EL USO DE LAS TIC EN LAS CLASES DE MATEMÁTICA PARA LA LICENCIATURA EN FARMACIA,"Miraida Ferras Ferras
Ismael Tamayo Rodríguez
marleny Soler Martínez",3/16/2022,Uno de los autores,XIII Encuentro Taller científico metodológico de la Cátedra “Dulce María Escalona” ,,,"El trabajo aborda el uso de las Tecnologías de la Información y las Comunicaciones, con énfasis en dispositivos móviles, en el proceso de enseñanza aprendizaje de la Matemática, lo que implica cambios en la forma de enseñar y aprender. Esta experiencia tiene el objetivo de mostrar cómo el empleo de recursos tecnológicos en la enseñanza del cálculo diferencial e integral favorece el aprendizaje de estos contenidos en los estudiantes de primer año de la Licenciatura en Ciencias Farmacéuticas de la Universidad de La Habana. Mediante el método teórico de análisis síntesis de diversos documentos relacionados con el uso de las tecnologías en la enseñanza aprendizaje de la Matemática, artículos científicos y tesis de doctorado, se fundamenta la propuesta. Luego, desde la generalización de experiencias y sobre la base de integración de conocimientos, se implementa en la práctica educativa una propuesta de empleo de recursos tecnológicos, en particular los dispositivos móviles, cuyo procesamiento estadístico se realiza utilizando el paquete Microsoft Excel. La información obtenida evidencia que el empleo de recursos tecnológicos en las clases de Matemática favorece el aprendizaje de dicho contenido.",,,Si
11/5/2022 11:43:12,Libro,Habilitando la Transformación Digital,"Alina Ruiz Jhons (Editor)
Tatiana Delgado Fernández (Editor)
Ailyn Febles Estrada (Editor)
Suilan Estévez Velarde (Editor)",12/1/2022,Uno de los autores,Habilitando la Transformación Digital,Editorial UH,"pp 256 (Tomo I), 324 (Tomo II), 1era Edición",,,Parte de la Colección Cibersociedad.,Si